<?xml version="1.0"?>
<stateMachine xmlns:xsd="http://www.w3.org/2001/XMLSchema" xmlns:xsi="http://www.w3.org/2001/XMLSchema-instance" namespace="Multimedia.Midi" name="MidiFilePlayerBase" initialState="Stopped">
  <state name="Stopped" historyType="None">
    <transition event="Start" target="Playing">
      <action name="Start" />
    </transition>
    <transition event="Open">
      <action name="Open" />
    </transition>
    <transition event="SetPosition">
      <action name="SetPosition" />
    </transition>
    <transition event="Continue" target="Playing">
      <action name="Continue" />
    </transition>
  </state>
  <state name="Playing" historyType="None">
    <transition event="Open">
      <action name="Stop" />
      <action name="Open" />
    </transition>
    <transition event="SetPosition">
      <action name="Stop" />
      <action name="SetPosition" />
      <action name="Continue" />
    </transition>
    <transition event="Stop" target="Stopped">
      <action name="Stop" />
    </transition>
    <transition event="PlayingFinished" target="Stopped">
      <action name="Stop" />
      <action name="RaisePlayingFinished" />
    </transition>
    <transition event="BeatElapsed">
      <action name="RaiseBeatElapsed" />
    </transition>
  </state>
</stateMachine>