<?xml version="1.0"?>
<doc>
    <assembly>
        <name>Multimedia</name>
    </assembly>
    <members>
        <member name="T:Multimedia.Note">
            <summary>
            Constants representing the 12 Note of the chromatic scale.
            </summary>
        </member>
        <member name="F:Multimedia.Note.C">
            <summary>
            C natural.
            </summary>
        </member>
        <member name="F:Multimedia.Note.CSharp">
            <summary>
            C sharp.
            </summary>
        </member>
        <member name="F:Multimedia.Note.DFlat">
            <summary>
            D flat.
            </summary>
        </member>
        <member name="F:Multimedia.Note.D">
            <summary>
            D natural.
            </summary>
        </member>
        <member name="F:Multimedia.Note.DSharp">
            <summary>
            D sharp.
            </summary>
        </member>
        <member name="F:Multimedia.Note.EFlat">
            <summary>
            E flat.
            </summary>
        </member>
        <member name="F:Multimedia.Note.E">
            <summary>
            E natural.
            </summary>
        </member>
        <member name="F:Multimedia.Note.F">
            <summary>
            F natural.
            </summary>
        </member>
        <member name="F:Multimedia.Note.FSharp">
            <summary>
            F sharp.
            </summary>
        </member>
        <member name="F:Multimedia.Note.GFlat">
            <summary>
            G flat.
            </summary>
        </member>
        <member name="F:Multimedia.Note.G">
            <summary>
            G natural.
            </summary>
        </member>
        <member name="F:Multimedia.Note.GSharp">
            <summary>
            G sharp.
            </summary>
        </member>
        <member name="F:Multimedia.Note.AFlat">
            <summary>
            A flat.
            </summary>
        </member>
        <member name="F:Multimedia.Note.A">
            <summary>
            A natural.
            </summary>
        </member>
        <member name="F:Multimedia.Note.ASharp">
            <summary>
            A sharp.
            </summary>
        </member>
        <member name="F:Multimedia.Note.BFlat">
            <summary>
            B flat.
            </summary>
        </member>
        <member name="F:Multimedia.Note.B">
            <summary>
            B natural.
            </summary>
        </member>
        <member name="T:Multimedia.TimerMode">
            <summary>
            Specifies constants for multimedia timer event types.
            </summary>
        </member>
        <member name="F:Multimedia.TimerMode.OneShot">
            <summary>
            Timer event occurs once.
            </summary>
        </member>
        <member name="F:Multimedia.TimerMode.Periodic">
            <summary>
            Timer event occurs periodically.
            </summary>
        </member>
        <member name="T:Multimedia.TimerCallback">
            <summary>
            Represents the method that handles calls from a multimedia timer.
            </summary>
            <param name="state">
            An object containing application-specific information relevant to the 
            method invoked by this delegate, or a null reference.
            </param>
            <remarks>
            Use a TimerCallback delegate to specify the method that is called by a 
            multimedia timer.
            </remarks>
        </member>
        <member name="T:Multimedia.TimerCaps">
            <summary>
            Represents information about the timer's capabilities.
            </summary>
        </member>
        <member name="F:Multimedia.TimerCaps.periodMin">
            <summary>
            Minimum supported period.
            </summary>
        </member>
        <member name="F:Multimedia.TimerCaps.periodMax">
            <summary>
            Maximum supported period.
            </summary>
        </member>
        <member name="T:Multimedia.Timer">
            <summary>
            Represents a multimedia timer.
            </summary>
            <remarks>
            <para>The multimedia timer allows applications to schedule timer events 
            with the greatest resolution (or accuracy) possible for the hardware 
            platform. The multimedia timer allows you to schedule timer events at a 
            higher resolution than other timer services.</para>
            
            <para>The multimedia timer is useful for applications that demand 
            high-resolution timing. For example, a Midi sequencer requires a 
            high-resolution timer because it must maintain the pace of Midi events 
            within a resolution of 1 millisecond.</para>
            </remarks>
        </member>
        <member name="M:Multimedia.Timer.#cctor">
            <summary>
            Initialize class.
            </summary>
        </member>
        <member name="M:Multimedia.Timer.#ctor(Multimedia.TimerCallback,System.Object,System.Int32,System.Int32)">
            <summary>
            Initializes a new instance of the Timer class with the user 
            supplied callback and state information, timer period, and 
            resolution.
            </summary>
            <param name="callback">
            A TimerCallback delegate representing a method to be executed when 
            a timer event occurs. 
            </param>
            <param name="state">
            An object containing information to be used by the callback method, 
            or a null reference.
            </param>
            <param name="period">
            The time between timer events in milliseconds.
            </param>
            <param name="resolution">
            The timer resolution in milliseconds.
            </param>
        </member>
        <member name="M:Multimedia.Timer.#ctor(Multimedia.TimerCallback,System.Object,System.Int32,System.Int32,Multimedia.TimerMode)">
            <summary>
            Initializes a new instance of the Timer class with the user 
            supplied callback and state information, timer period, resolution,
            and timer mode.
            </summary>
            <param name="callback">
            A TimerCallback delegate representing a method to be executed when 
            a timer event occurs. 
            </param>
            <param name="state">
            An object containing information to be used by the callback method, 
            or a null reference.
            </param>
            <param name="period">
            The time between timer events in milliseconds.
            </param>
            <param name="resolution">
            The timer resolution in milliseconds.
            </param>
            <param name="mode">
            The timer mode.
            </param>
        </member>
        <member name="M:Multimedia.Timer.Finalize">
            <summary>
            Destructor.
            </summary>
        </member>
        <member name="M:Multimedia.Timer.Start">
            <summary>
            Starts the timer.
            </summary>
            <exception cref="T:Multimedia.TimerStartException">
            Thrown if unable to start timer.
            </exception>
        </member>
        <member name="M:Multimedia.Timer.Stop">
            <summary>
            Stops timer.
            </summary>
        </member>
        <member name="M:Multimedia.Timer.IsRunning">
            <summary>
            Indicates whether or not the timer is running.
            </summary>
            <returns>
            Returns true if the timer is running; otherwise, false.
            </returns>
        </member>
        <member name="M:Multimedia.Timer.OnTimerPeriodicEvent(System.Int32,System.Int32,System.Int32,System.Int32,System.Int32)">
            <summary>
            Callback method called by the Win32 multimedia timer when a timer
            periodic event occurs.
            </summary>
        </member>
        <member name="M:Multimedia.Timer.OnTimerOneShotEvent(System.Int32,System.Int32,System.Int32,System.Int32,System.Int32)">
            <summary>
            Callback method called by the Win32 multimedia timer when a timer
            one shot event occurs.
            </summary>
        </member>
        <member name="M:Multimedia.Timer.Dispose">
            <summary>
            Frees timer resources.
            </summary>
        </member>
        <member name="P:Multimedia.Timer.Mode">
            <summary>
            Gets or sets the timer mode.
            </summary>
            <remarks>
            If the timer is running when the mode is changed, the timer is 
            stopped and restarted with the new mode value.
            </remarks>
        </member>
        <member name="P:Multimedia.Timer.Period">
            <summary>
            Gets or sets the timer period.
            </summary>
            <exception cref="T:System.ArgumentOutOfRangeException">
            Thrown if the period is set to a value out of range for the 
            multimedia timer.
            </exception>
            <remarks>
            <para>The multimedia timer period is the time between timer events 
            in milliseconds.</para>
            
            <para>If the timer is running when the period is changed, the timer 
            is stopped and restarted with the new period value.</para>   
            </remarks>     
        </member>
        <member name="P:Multimedia.Timer.Resolution">
            <summary>
            Gets or sets the timer resolution.
            </summary>
            <exception cref="T:System.ArgumentOutOfRangeException">
            Thrown if the resolution is set to a value less than zero.
            </exception>
            <remarks>
            <para>The resolution is in milliseconds. The resolution increases 
            with smaller values; a resolution of 0 indicates periodic events 
            should occur with the greatest possible accuracy. To reduce system 
            overhead, however, you should use the maximum value appropriate 
            for your application.</para>
            
            <para>If the timer is running when the resolution is changed, the 
            timer is stopped and restarted with the new resolution value.
            </para>        
            </remarks>
        </member>
        <member name="P:Multimedia.Timer.Capabilities">
            <summary>
            Gets the timer capabilities.
            </summary>
        </member>
        <member name="T:Multimedia.TimerStartException">
            <summary>
            The exception that is thrown when a timer fails to start.
            </summary>
        </member>
        <member name="M:Multimedia.TimerStartException.#ctor">
            <summary>
            Initializes a new instance of the TimerStartException class.
            </summary>
        </member>
        <member name="M:Multimedia.TimerStartException.#ctor(System.String)">
            <summary>
            Initializes a new instance of the TimerStartException class.
            </summary>
            <param name="message">
            The error message that explains the reason for the exception. 
            </param>
        </member>
    </members>
</doc>
